{
  "_id": "0bcbdde05fbf1fca004fc3e653e1cf40",
  "_openid": "oVOSB4prv2oVoxJgZid-GtO5iX64",
  "avatar": "https://img.zcool.cn/community/0113855ee9732fa801215aa0d4dc18.jpg@160w_160h_1c_1e_1o_100sh.jpg",
  "bookId": "0bcbdde05fbdd5890047b1a15bc8ac99",
  "content": "罗杰说:这本书不错",
  "username": "罗杰"
}
{
  "_id": "0bcbdde05fbf1fca004fc3e653e1cf41",
  "_openid": "oVOSB4prv2oVoxJgZid-GtO5iX64",
  "avatar": "https://img.zcool.cn/community/0113855ee9732fa801215aa0d4dc18.jpg@160w_160h_1c_1e_1o_100sh.jpg",
  "bookId": "0bcbdde05fbdd5890047b1a15bc8ac99",
  "content": "李宫婷说：不怎么好看，没有我写的好",
  "username": "李宫婷"
}
{
  "_id": "0bcbdde05fbf1fca004fc3e653e1cf42",
  "_openid": "oVOSB4prv2oVoxJgZid-GtO5iX64",
  "avatar": "https://img.zcool.cn/community/0113855ee9732fa801215aa0d4dc18.jpg@160w_160h_1c_1e_1o_100sh.jpg",
  "bookId": "0bcbdde05fbdd5890047b1a15bc8ac99",
  "content": "梁山说：吓死我了",
  "username": "梁山"
}
{
  "_id": "0bcbdde05fbf1fca004fc3e653e1cf43",
  "_openid": "oVOSB4prv2oVoxJgZid-GtO5iX64",
  "avatar": "https://img.zcool.cn/community/0113855ee9732fa801215aa0d4dc18.jpg@160w_160h_1c_1e_1o_100sh.jpg",
  "bookId": "0bcbdde05fbdd5890047b1a15bc8ac99",
  "content": "郑朗说:适合在被窝里看,吓死人了",
  "username": "郑朗"
}
{
  "_id": "0bcbdde05fbf1fca004fc3e653e1cf44",
  "_openid": "oVOSB4prv2oVoxJgZid-GtO5iX64",
  "avatar": "https://img.zcool.cn/community/0113855ee9732fa801215aa0d4dc18.jpg@160w_160h_1c_1e_1o_100sh.jpg",
  "bookId": "0bcbdde05fbdd5890047b1a15bc8ac99",
  "content": "钟生胜说:不错，不错,年轻人不讲武德",
  "username": "钟生胜"
}