{"_id":"0288fce75fbdb285004acb205e08d1d3","_openid":"oVOSB4prv2oVoxJgZid-GtO5iX64","created_at":{"$date":"2020-11-25T01:25:17.474Z"},"filePath":"cloud://tedu-wuhua-web.7465-tedu-wuhua-web-1301465321/webtn2007/160626751637843361.jpg","userInfo":{"age":25.0,"username":"Tom"}}
{"_id":"0bcbdde05fbdb2850046c939278ca5b2","_openid":"oVOSB4prv2oVoxJgZid-GtO5iX64","created_at":{"$date":"2020-11-25T01:25:17.484Z"},"filePath":"cloud://tedu-wuhua-web.7465-tedu-wuhua-web-1301465321/webtn2007/1606267516376622917.jpg","userInfo":{"age":20.0,"username":"Rose"}}
