{"_id":"0bcbdde05fbdd5890047b1a02110c6cd","_openid":"oVOSB4prv2oVoxJgZid-GtO5iX64","author":"华图书业","categoryId":"6127fe145fbdd588005a98de1922773e","cover":"http://statics.zhuishushenqi.com/agent/http%3A%2F%2Fimg.1391.com%2Fapi%2Fv1%2Fbookcenter%2Fcover%2F1%2F2098878%2F2098878_2fdd99ed39db448f8bafa23316a5e668.jpg%2F","majorCate":"外文原版","shortIntro":"这里就有古今中外好多好多的故事！包括神话故事、民间故事、历史故事、英才故事、神童故事、童话故事、寓言故事、动物故事等，这些故事都是小朋友们非常喜欢听的呢！","title":"童话故事"}
{"_id":"0bcbdde05fbdd5890047b1a15bc8ac99","majorCate":"出版小说","shortIntro":"《鬼不语之仙墩鬼泣（附赠盗墓解密卷宗）》是最新系列盗墓小说《鬼不语》中的第一本，以中国古代神秘的傩教文化为切口，引入一段曲折惊险的盗墓故事。主人公从先祖口耳相传下来的传说开始，闯东北，进中原，下西南，为了寻获传闻中的稀世奇珍和揭开神奇面具背后的秘密，经历了常人难以想象的艰险，古墓中会移动的壁画，黄河中如驳船的巨鱼，通天岭上神秘的血树，展现出一个光怪陆离的地下世界，颠覆关于盗墓的一切想象！","title":"鬼不语之仙墩鬼泣（精装）","_openid":"oVOSB4prv2oVoxJgZid-GtO5iX64","author":"天下霸唱","categoryId":"6127fe145fbdd588005a98de1922773e","cover":"http://statics.zhuishushenqi.com/agent/http%3A%2F%2Fimg.1391.com%2Fapi%2Fv1%2Fbookcenter%2Fcover%2F1%2F2060594%2F2060594_302b158b23f84f719668d373ffa56546.jpg%2F"}
{"_id":"b1a52c595fbdd5890068dc2139b26e6f","categoryId":"6127fe145fbdd588005a98de1922773e","cover":"http://statics.zhuishushenqi.com/agent/http%3A%2F%2Fimg.1391.com%2Fapi%2Fv1%2Fbookcenter%2Fcover%2F1%2F96860%2F_96860_535220.jpg%2F","majorCate":"青春校园","shortIntro":"他的手指从绿头签上抚过，每一块牌子，幽碧湛青的漆色，仿佛上好的一汪翡翠，用墨漆写了各宫所有的妃嫔名号，整整齐齐排列在朱红填漆大盘里。身旁的赤金九龙绕足烛台上，一枝烛突然爆了个烛花，噼叭一声火光轻跳，在这寂静的宫殿里，却让人听得格外清晰。 他猛然扬手就将盘子轰一声掀到了地上，绿头签牌啪啪落了满地，吓得李四保打个哆嗦，连连碰头却不敢作声。外头太监宫女见了这情形，早呼啦啦跪了一地。 她也连忙跪下去，人人都是大气也不敢出，殿中只是一片死寂。那只朱红填漆大盘，正巧落在她足边，于是悄悄拾了起来，慢慢伸手去捡那些签牌。却不想一只手斜剌里过来握住她手腕，那腕上覆着明黄团福暗纹袖，她只觉得身子一轻，不由自主站起来。目光低垂，只望着他腰际的明黄色佩带，金圆版嵌珊瑚，月白吩、金嵌松石套襁、珐琅鞘刀、燧、平金绣荷包……荷包流苏上坠着细小精巧的银铃……他却迫得她不得不抬起头来，他直直望着她，眼中似是无波无浪的平静，最深处却闪过转瞬即逝的光芒：你不过仗着朕喜欢你！","title":"寂寞空庭春欲晚","_openid":"oVOSB4prv2oVoxJgZid-GtO5iX64","author":"匪我思存"}
{"_id":"0288fce75fbdd589004bc75704b442b0","cover":"http://statics.zhuishushenqi.com/agent/http%3A%2F%2Fimg.1391.com%2Fapi%2Fv1%2Fbookcenter%2Fcover%2F1%2F2060591%2F2060591_780be43d4dc54faeae892bc2378f70b0.jpg%2F","majorCate":"出版小说","shortIntro":"清朝末年，四方战乱，民不聊生。本书讲述了摸金校尉前辈张小辫的传奇一生。误入年久失修的前朝贵妃陵墓，见金棺、遇奇人、得奇书、历奇险，习得一身不传之秘。从此也开始了张小辫诡谲的历险传说。破解\"造畜\"谜团，率领\"雁营\"大战太平军……每每涉险，都有深藏不露的神秘人物\"林中老鬼\"相助。\"林中老鬼\"所言能让张小辫大富大贵，最后却是一场早已安排好的大阴谋。","title":"金棺陵兽（精装）","_openid":"oVOSB4prv2oVoxJgZid-GtO5iX64","author":"天下霸唱","categoryId":"6127fe145fbdd588005a98de1922773e"}
{"_id":"2a7b532a5fbdd589005924115084d6a4","_openid":"oVOSB4prv2oVoxJgZid-GtO5iX64","author":"陈麒凌","categoryId":"b1a52c595fbdd5880068dc1b2879fe31","cover":"http://statics.zhuishushenqi.com/agent/http%3A%2F%2Fimg.1391.com%2Fapi%2Fv1%2Fbookcenter%2Fcover%2F1%2F2195142%2F2195142_0c1d781d093043d5aa4b681162585313.jpg%2F","majorCate":"青春言情","shortIntro":"世间的圆满大同小异，残缺却可有万千种演绎。\r\n　　十八个故事，十八段孤独情缘。\r\n　　联合报文学奖首奖得主陈麒凌深度解读爱之无常。\r\n　　她深谙人性之变，又信仰人情之美，笃信求之不得是爱情最好的信仰。在其笔下，佛教苦谛“爱别离”“求不得”被赋予浓烈的宿命主义美感。\r\n   读她的文字，你是可以略带一点猎奇的。书中女子，或一身孤勇赴会，却在万水千山后蓦然止步；或卑怯柔弱，却会为一个疯狂的念头孤注一掷。藏在文字背后的讲述者有时像是一位天真善言的少女，有时又似惜字如金的沧桑老人，哪一个都是她，哪一个又都不全是她。\r\n    她写情，写爱，写这虚幻烟雾下人性的光怪陆离。\r\n    她通透，却始终不愿看透，那一点不愿戳破的慈悲，是留给自己的最后安慰。\r\n   她的故事，永远颠覆你的预期，永远留有一丝希冀，似不经意，却总不偏不倚直击人心。如同平静海面下暗潜的风暴，在其克制的叙事方式下，你既能感念爱之炙热、温柔，又可体味命运之冷酷、无常。","title":"一念，半生"}
{"_id":"0a4429175fbdd589004fed571e8cd6cb","shortIntro":"这是每个人求而不得的爱，幸好我始终相信，还有你的爱，值得过沧海。\r\n\r\n她曾经为了一个人，褪尽繁华，世界逃亡。她去过那么多地方，看过几千次黎明，再也没能遇到熟悉的温柔。\r\n他是她猜不透、悟不穿的谜。他温文尔雅，几乎成为所有女人的一场梦，却独独甘愿为她倾尽温柔，预谋一场旷日持久的私奔。\r\n大雨倾盆，他们在最坏的时间相遇，她是劫犯，而他却是人质。她努力为他重新开始新生活，一座城，一个人，一颗钻石，串联起无数记忆碎片，阴谋与冲突接踵而至，两个人平静的生活再度被打破。他看似无害，却手握她不知道的秘密，他……究竟是谁？\r\n这一生，旧爱太美，只能半醒。原来她所有困苦的岁月，竟都是为了遇见他。","title":"旧爱半醒","_openid":"oVOSB4prv2oVoxJgZid-GtO5iX64","author":"玄默","categoryId":"0288fce75fbdd588004bc75567b4df5a","cover":"http://statics.zhuishushenqi.com/agent/http%3A%2F%2Fimg.1391.com%2Fapi%2Fv1%2Fbookcenter%2Fcover%2F1%2F2202095%2F2202095_2791f4b841254e7d8f520204847bc234.jpg%2F","majorCate":"青春言情"}
{"_id":"e62469b25fbdd589005b99b3719d3e97","categoryId":"0288fce75fbdd588004bc75567b4df5a","cover":"http://statics.zhuishushenqi.com/agent/http%3A%2F%2Fimg.1391.com%2Fapi%2Fv1%2Fbookcenter%2Fcover%2F1%2F2189883%2F2189883_4c3857b2eba843a0a2447a6e6d4353f2.jpg%2F","majorCate":"出版小说","shortIntro":"由陈凯歌导演，黄轩、染谷将太主演的电影《妖猫传》原著小说。\r\n《阴阳师》作者梦枕貘重磅作品。历时17年，耗尽2600张稿纸，创作完成的鸿篇巨制。\r\n空海东渡，长安城波谲云诡，鬼宴开场。金吾卫刘云樵家的黑猫突然口吐人言。赶去驱除妖怪的道士，被吓的几近疯癫。年轻姣好的刘云樵妻子春琴在众人的目睹中化作鹤发鸡皮的老妇，一边唱起《清平调词》，一边起弄着和杨贵妃相似的舞姿。自日本东渡大唐的高僧空海与寻求《长恨歌》创作灵感的白居易，一同揭开妖魅事件和杨贵妃死亡的谜团。一切妖怪的怨念，都来自咒术，来自人的内心。","title":"妖猫传沙门空海·大唐鬼宴（套装全4册）","_openid":"oVOSB4prv2oVoxJgZid-GtO5iX64","author":"梦枕獏"}
{"_id":"b1a52c595fbdd5890068dc28094b4ab1","shortIntro":"超青春青梅竹马类型图书。\r\n她灯溪镇小霸王乔初意曾经天不怕地不怕。可唯独怕高智商且冷漠脸的薄昭浔。这些年，远了又近了，那些感情和守候，原以为是春花一场，到后来才发现，其实是十年月光。\r\n从疏远到亲近，从离开到重逢，从年幼到独当一面，感谢这一路我们结伴而行，从此都不再孤单。","title":"此意寄昭昭","_openid":"oVOSB4prv2oVoxJgZid-GtO5iX64","author":"繁浅","categoryId":"0288fce75fbdd588004bc75567b4df5a","cover":"http://statics.zhuishushenqi.com/agent/http%3A%2F%2Fimg.1391.com%2Fapi%2Fv1%2Fbookcenter%2Fcover%2F1%2F2202085%2F2202085_8e547119797242a097e84d93f2e3196c.jpg%2F","majorCate":"人文社科"}
{"_id":"2a7b532a5fbdd58900592413482d28d2","title":"连环罪：心理有诡","_openid":"oVOSB4prv2oVoxJgZid-GtO5iX64","author":"墨绿青苔","categoryId":"0288fce75fbdd588004bc75567b4df5a","cover":"http://statics.zhuishushenqi.com/agent/http%3A%2F%2Fimg.1391.com%2Fapi%2Fv1%2Fbookcenter%2Fcover%2F1%2F3311910%2F3311910_2341d43ad6824c3987b59f5d58fdd2aa.jpg%2F","majorCate":"灵异","shortIntro":"接连不断的名人死亡案件，警察局经过周密调查作出自杀认定！\r\n　　难以掩盖的真相，若有似无的联系，诱引着警察暗中追踪。\r\n　　究竟是自杀还是他杀？是自寻短见还是死于非命？\r\n　　连环自杀事件的背后到底隐藏了什么？\r\n　　是阴谋？是利诱？还是残酷的现实让他们无能为力？\r\n　　让我们一起揭开这神秘的面纱，走进他们诡异的内心世界……"}
{"_id":"0bcbdde05fbdd5890047b1a7359d1126","cover":"http://statics.zhuishushenqi.com/agent/http%3A%2F%2Fimg.1391.com%2Fapi%2Fv1%2Fbookcenter%2Fcover%2F1%2F1491100%2F_1491100_537318.jpg%2F","majorCate":"青春言情","shortIntro":"晋江原创网口碑斗智斗勇爱情故事 \r\n千万网友票选最爱的禁欲系男神No1 \r\n高智商碰撞低情商，学霸的爱情，有点“方”！ ","title":"当爱情遇上科学家（精装）","_openid":"oVOSB4prv2oVoxJgZid-GtO5iX64","author":"叶落无心","categoryId":"c89bd61c5fbdd588004a676662d28a74"}
{"_id":"b1a52c595fbdd5890068dc2a652736fc","majorCate":"出版小说","shortIntro":"张丹枫一觉醒来，已是第二日的下午，只觉隐隐幽香，沁人心脾，睁眼一看，只见阳光透过窗户，窗口供着一盆芝兰，窗户两边挂着一副对联，联道：“难忘恩怨难忘你，只为情痴只为真。”房中布置精雅，壁上还有一幅画图，画中一片紫竹林，林中一个紫衣少女，长眉入鬓，似喜似嗔。张丹枫心中一动：画中的景象，好像在哪儿见过一般，连画中的少女，那身材体态，也像曾和自己有一面之缘。张丹枫重读联语：“难忘恩怨难忘你，只为情痴只为真。”如醉如痴，只觉云蕾的影子在眼前浮晃，紫竹林中的少女突地化成了云蕾，好像要从画图中跳出来，转眼之间又消失了。张丹枫自言自笑道：“天地之间哪还有人比得上我的小兄弟，画中少女虽美，也难及她万一。”不知不觉拿起书案的纸笔，画了一张又一张，画的都是云蕾的肖像，有含羞的云蕾，有带笑的云蕾，有薄怒的云蕾，有佯嗔的云蕾，有惹怜的云蕾，种种神情，种种体态，一一描绘纸上，兴犹未已，又画了一幅她和自己并马奔驰的图画等","title":"萍踪侠影录","_openid":"oVOSB4prv2oVoxJgZid-GtO5iX64","author":"梁羽生","categoryId":"c89bd61c5fbdd588004a676662d28a74","cover":"http://statics.zhuishushenqi.com/agent/http%3A%2F%2Fimg.1391.com%2Fapi%2Fv1%2Fbookcenter%2Fcover%2F1%2F2594739%2F2594739_4e2150f8260649e2b63fec4863270c26.jpg%2F"}
{"_id":"e62469b25fbdd589005b99b638cb7b05","shortIntro":"现代职场人士必须用“亮剑精神”来激发自己的斗志，在激烈的职场竞争中不断进取并脱颖而出；现代团队必须用“亮剑精神”鼓舞士气，在强手如林的竞技中建设善于作战的英雄团体；现代企业营销队伍必须以“亮剑精神”时刻保持战斗状态，敢于拼搏，敢于胜利，勇敢地与国内外企业抢夺市场，在激烈的市场竞争中取得完胜，进而将企业带到更高层次。","title":"亮剑实战","_openid":"oVOSB4prv2oVoxJgZid-GtO5iX64","author":"欧阳子","categoryId":"6127fe145fbdd588005a98de1922773e","cover":"http://statics.zhuishushenqi.com/agent/http%3A%2F%2Fimg.1391.com%2Fapi%2Fv1%2Fbookcenter%2Fcover%2F1%2F2072736%2F2072736_a47bd94a643a4edb87e22394500dc9d4.jpg%2F","majorCate":"人文社科"}
{"_id":"b1a52c595fbdd5890068dc2b796460a7","shortIntro":"接连不断的名人死亡案件，警察局经过周密调查作出自杀认定！\r\n　　难以掩盖的真相，若有似无的联系，诱引着警察暗中追踪。\r\n　　究竟是自杀还是他杀？是自寻短见还是死于非命？\r\n　　连环自杀事件的背后到底隐藏了什么？\r\n　　是阴谋？是利诱？还是残酷的现实让他们无能为力？\r\n　　让我们一起揭开这神秘的面纱，走进他们诡异的内心世界……","title":"连环罪：心理有诡","_openid":"oVOSB4prv2oVoxJgZid-GtO5iX64","author":"墨绿青苔","categoryId":"c89bd61c5fbdd588004a676662d28a74","cover":"http://statics.zhuishushenqi.com/agent/http%3A%2F%2Fimg.1391.com%2Fapi%2Fv1%2Fbookcenter%2Fcover%2F1%2F3311910%2F3311910_2341d43ad6824c3987b59f5d58fdd2aa.jpg%2F","majorCate":"灵异"}
{"_id":"e62469b25fbdd589005b99b7579da2f0","cover":"http://statics.zhuishushenqi.com/agent/http%3A%2F%2Fimg.1391.com%2Fapi%2Fv1%2Fbookcenter%2Fcover%2F1%2F895421%2F895421_36275b72baee4cd885dcaa6657456b82.jpg%2F","majorCate":"青春言情","shortIntro":"梁和这辈子有两件事出乎她的意料。第一，她会结婚。第二，她会嫁给这样一个男人。\r\n顾淮宁笑睥着她，眼神笃定：“其实我和梁小姐一样，都是无意结婚的人。可上天捉弄，我们都是必须结婚的人，所以我觉得，我们两个结婚，是对这个问题最好的解决方法。”\r\n一场跨越婚姻围墙的攻坚战。----------此书已上市，实体书名改为《此致，爱情》，地址：\r\n买完书的姑娘可以在微博@我晒书，会有明信片之类的小礼物相送（微博名：苏格兰折耳猫1026），多谢大家的支持~","title":"此致，爱情","_openid":"oVOSB4prv2oVoxJgZid-GtO5iX64","author":"苏格兰折耳猫","categoryId":"0bcbdde05fbdd5880047b19c28b83660"}
{"_id":"6127fe145fbdd589005a98e4060c9699","author":"韫宁","categoryId":"c89bd61c5fbdd588004a676662d28a74","cover":"http://statics.zhuishushenqi.com/agent/http%3A%2F%2Fimg.1391.com%2Fapi%2Fv1%2Fbookcenter%2Fcover%2F1%2F2202121%2F2202121_de9e2351101d4607a884c35e97f31b9c.jpg%2F","majorCate":"青春言情","shortIntro":"许多年前，谢熹雯与温至臻偶遇，一见钟情，无疾而终。\r\n许多年后，熹雯与他再度重逢，实践日久生情的爱情……\r\n浅式爱情最重要法则：学爱你。\r\n谢熹雯：你爱我吗？\r\n温至臻：我并没有说不爱你。\r\n谢熹雯：你这样爱每一个人，爱苏凝？你爱我比她多吗？\r\n温至臻：我不爱你？\r\n谢熹雯：如果你爱我，离婚的时候，你不会轻易放开我的手。\r\n温至臻：因为我没有为你酗酒，所以算不得爱你。没有为你歇斯底里，是不配爱你。没有要死要活，是不够爱你？！\r\n谢熹雯：温至臻，我一直有一个遗憾，你一直没有说过“我爱你”。\r\n温至臻：对不起，熹雯。我们重新开始，学爱你。","title":"他的爱情浅","_openid":"oVOSB4prv2oVoxJgZid-GtO5iX64"}
{"_id":"b1a52c595fbdd5890068dc2c0a0dd7dd","categoryId":"0bcbdde05fbdd5880047b19c28b83660","cover":"http://statics.zhuishushenqi.com/agent/http%3A%2F%2Fimg.1391.com%2Fapi%2Fv1%2Fbookcenter%2Fcover%2F1%2F2108394%2F2108394_cbfc78ce1ea9431893f545772afcb8b1.jpg%2F","majorCate":"传记名著","shortIntro":"书籍是人类文明的编年史,是人类历史的载体,是人类理性和智慧的结晶。一个人的阅读史,便是一个人的心灵史和精神成长史。书籍是抚育杰出人才的珍贵乳汁,是支撑伟大心灵的富贵血脉,是铸就高贵灵魂的丰富给养。读书,应该成为一种生活态度、一种存在方式、一种审美情趣、一种精神追求、一种生命寄托、一种人生境界。","title":"十大名妓","_openid":"oVOSB4prv2oVoxJgZid-GtO5iX64","author":"赵光普"}
{"_id":"6127fe145fbdd589005a98e57387baf9","author":"梁羽生","categoryId":"c89bd61c5fbdd588004a676662d28a74","cover":"http://statics.zhuishushenqi.com/agent/http%3A%2F%2Fimg.1391.com%2Fapi%2Fv1%2Fbookcenter%2Fcover%2F1%2F2594725%2F2594725_9b8d28b34562447faee50afe97b4b678.jpg%2F","majorCate":"出版小说","shortIntro":"梁羽生作品集：江湖三女侠（05～06）为武侠小说大师梁羽生所著的武侠小说，主要讲述了清朝初年以吕四娘、冯瑛、冯琳组成的江湖三女侠的传奇经历。","title":"江湖三女侠","_openid":"oVOSB4prv2oVoxJgZid-GtO5iX64"}
{"_id":"6127fe145fbdd589005a98e64eae1f03","shortIntro":"《鬼不语之仙墩鬼泣（附赠盗墓解密卷宗）》是最新系列盗墓小说《鬼不语》中的第一本，以中国古代神秘的傩教文化为切口，引入一段曲折惊险的盗墓故事。主人公从先祖口耳相传下来的传说开始，闯东北，进中原，下西南，为了寻获传闻中的稀世奇珍和揭开神奇面具背后的秘密，经历了常人难以想象的艰险，古墓中会移动的壁画，黄河中如驳船的巨鱼，通天岭上神秘的血树，展现出一个光怪陆离的地下世界，颠覆关于盗墓的一切想象！","title":"鬼不语之仙墩鬼泣（精装）","_openid":"oVOSB4prv2oVoxJgZid-GtO5iX64","author":"天下霸唱","categoryId":"0bcbdde05fbdd5880047b19c28b83660","cover":"http://statics.zhuishushenqi.com/agent/http%3A%2F%2Fimg.1391.com%2Fapi%2Fv1%2Fbookcenter%2Fcover%2F1%2F2060594%2F2060594_302b158b23f84f719668d373ffa56546.jpg%2F","majorCate":"出版小说"}
{"_id":"0288fce75fbdd589004bc75b46f013de","categoryId":"c89bd61c5fbdd588004a676662d28a74","cover":"http://statics.zhuishushenqi.com/agent/http%3A%2F%2Fimg.1391.com%2Fapi%2Fv1%2Fbookcenter%2Fcover%2F1%2F2219023%2F2219023_1c2c392a19124d3199bc466008b1f901.jpg%2F","majorCate":"出版小说","shortIntro":"公元前316 年，秦灭古蜀。对此之前的古蜀文明，史书简单记载为：不晓文字，未有礼乐。这八个字，掩盖了一切真相。\r\n公元1929年春，四川广汉月亮湾，三星堆文明首次露出真容。\r\n公元2001年1月，四川深山里一座普通村子，数十万虫子莫名齐聚，想要吞噬一个12 岁的少年——杜小康。\r\n公元2001年2月，某建筑公司意外挖掘出一座规模宏大的古代文化遗址——金沙遗址。\r\n十几年后……\r\n侥幸从虫群中脱险的杜小康，长大后被卷入一场诡异的凶杀事件，\r\n在经历青铜之门、巴蛇神、噬魂灯等神秘事件后，杜小康和同伴们逐渐解开金沙古卷的秘密，但答案竟然指向人类文明的最大谜团......  \r\n    随着金沙古卷残页的出现，究竟将揭开一个怎样的中国古文明中的惊天真相？","title":"金沙古卷（套装全4册）","_openid":"oVOSB4prv2oVoxJgZid-GtO5iX64","author":"鱼离泉"}
{"_id":"0bcbdde05fbdd5890047b1a86c8b43b3","author":"绿亦歌","categoryId":"6127fe145fbdd588005a98de1922773e","cover":"http://statics.zhuishushenqi.com/agent/http%3A%2F%2Fimg.1391.com%2Fapi%2Fv1%2Fbookcenter%2Fcover%2F1%2F2202149%2F2202149_ab670bc133bb44d9a83264284a97a8bd.jpg%2F","majorCate":"青春言情","shortIntro":"十一岁那年，骄纵的少女赵一玫随着母亲改嫁来到沈家，与大她三岁的沈放成了无血缘的兄妹。然而这个哥哥对赵一玫母女充满了仇视，初相见就开始挑衅。在日后的年年岁岁里，两人针锋相对，互不相让，却未料到，命运早已孕育出隐秘的的爱恋之花。在爱与恨的纠缠中，赵一玫迎来的她的十八岁，她那样年轻，只管放肆鲜明地活着，终于让爱摧毁了沈放与自己。他对她说：我祝你赵一玫，一生所求，皆不可得。他们一个远走美国，一个游于他乡。他们的爱情隔山隔海，隔着两个家庭的爱恨纠葛，隔着迢迢岁月。这对红尘里的爱人啊，要怎样才能获得命运的饶恕，重生获得幸福？\r\n“我越过四十万英里，越过昼夜与星辰，越过硝烟与战火，你在哪里，我去见你。”","title":"致岁月迢迢","_openid":"oVOSB4prv2oVoxJgZid-GtO5iX64"}
{"_id":"e62469b25fbdd589005b99b864186f04","shortIntro":"被扑克牌组织杀害的名侦探爱迪生的心脏移植到高中女生夏早安的身上，拥有侦探灵魂的她和米卡卡与扑克牌组织斗智斗勇，并与扑克牌组织里最出色的黑葵A齐木上演一段爱恨情仇。最终将邪恶组织扑克牌一网打尽。\r\n而黑葵A齐木改邪归正后，化名红色犯罪师，专为揪出那些为非作歹的犯罪师。他与米卡卡合作，成为最佳搭档。而这时出现了一个神秘人物幽灵。齐木得知手中的暗黑笔记正是打败幽灵的关键，却发现暗黑笔记被人分成了三本。只有集合三本失落的笔记，才能找出藏在其中的秘密。然而，在双方之间还出现了第三方神秘人物——它就是怪盗千先生。它的目标竟然也是为了那失落的笔记。当齐木终于集齐三本笔记时，他却发现，幽灵的真实身份居然是……","title":"推理笔记全集","_openid":"oVOSB4prv2oVoxJgZid-GtO5iX64","author":"早安夏天","categoryId":"6127fe145fbdd588005a98de1922773e","cover":"http://statics.zhuishushenqi.com/agent/http%3A%2F%2Fimg.1391.com%2Fapi%2Fv1%2Fbookcenter%2Fcover%2F1%2F2182010%2F2182010_fc71f7a123494889bf35f6fdbe5c98bf.jpg%2F","majorCate":"出版小说"}
{"_id":"e62469b25fbdd589005b99b96b2f2292","shortIntro":"十一岁那年，骄纵的少女赵一玫随着母亲改嫁来到沈家，与大她三岁的沈放成了无血缘的兄妹。然而这个哥哥对赵一玫母女充满了仇视，初相见就开始挑衅。在日后的年年岁岁里，两人针锋相对，互不相让，却未料到，命运早已孕育出隐秘的的爱恋之花。在爱与恨的纠缠中，赵一玫迎来的她的十八岁，她那样年轻，只管放肆鲜明地活着，终于让爱摧毁了沈放与自己。他对她说：我祝你赵一玫，一生所求，皆不可得。他们一个远走美国，一个游于他乡。他们的爱情隔山隔海，隔着两个家庭的爱恨纠葛，隔着迢迢岁月。这对红尘里的爱人啊，要怎样才能获得命运的饶恕，重生获得幸福？\r\n“我越过四十万英里，越过昼夜与星辰，越过硝烟与战火，你在哪里，我去见你。”","title":"致岁月迢迢","_openid":"oVOSB4prv2oVoxJgZid-GtO5iX64","author":"绿亦歌","categoryId":"c89bd61c5fbdd588004a676662d28a74","cover":"http://statics.zhuishushenqi.com/agent/http%3A%2F%2Fimg.1391.com%2Fapi%2Fv1%2Fbookcenter%2Fcover%2F1%2F2202149%2F2202149_ab670bc133bb44d9a83264284a97a8bd.jpg%2F","majorCate":"青春言情"}
{"_id":"e62469b25fbdd589005b99ba2396b469","title":"金棺陵兽（精装）","_openid":"oVOSB4prv2oVoxJgZid-GtO5iX64","author":"天下霸唱","categoryId":"0bcbdde05fbdd5880047b19c28b83660","cover":"http://statics.zhuishushenqi.com/agent/http%3A%2F%2Fimg.1391.com%2Fapi%2Fv1%2Fbookcenter%2Fcover%2F1%2F2060591%2F2060591_780be43d4dc54faeae892bc2378f70b0.jpg%2F","majorCate":"出版小说","shortIntro":"清朝末年，四方战乱，民不聊生。本书讲述了摸金校尉前辈张小辫的传奇一生。误入年久失修的前朝贵妃陵墓，见金棺、遇奇人、得奇书、历奇险，习得一身不传之秘。从此也开始了张小辫诡谲的历险传说。破解\"造畜\"谜团，率领\"雁营\"大战太平军……每每涉险，都有深藏不露的神秘人物\"林中老鬼\"相助。\"林中老鬼\"所言能让张小辫大富大贵，最后却是一场早已安排好的大阴谋。"}
{"_id":"b1a52c595fbdd5890068dc2e19b25665","title":"此生不渝","_openid":"oVOSB4prv2oVoxJgZid-GtO5iX64","author":"玄默","categoryId":"c89bd61c5fbdd588004a676662d28a74","cover":"http://statics.zhuishushenqi.com/agent/http%3A%2F%2Fimg.1391.com%2Fapi%2Fv1%2Fbookcenter%2Fcover%2F1%2F2143970%2F2143970_e7d3272c6a054046aa947b18585e8dd3.jpg%2F","majorCate":"青春言情","shortIntro":"这世间有一种深情，千难万险，生死莫及，爱却能至。\n他狂妄，不可一世，年少时，被迫将她弃于火海，从此苦心弥补，求婚之日却被她背叛。多年恩爱敌不过现实，她亲手将他置于死地。\n她一生坚强隐忍，阴差阳错，亲眼见到爱人死于面前，从此守着墓碑上未亡人的承诺。当蔷薇开过四季，头发长了又再次剪短，多少次彼此再相见，竟然只能在梦里。\n三年之后，昔日故人突然重现，步步紧逼，不肯放手。而她身边也有了新的追求者，看似温柔的大学教师，身份却另有隐情。\n兰坊波澜再起，十年回忆生死静默，唯爱不永伤。\n他爱过，恨过，失去过，情愿为她放弃一切，但她是否愿意跟他重头来过？"}
{"_id":"6127fe145fbdd589005a98e7254f89cb","author":"苏格兰折耳猫","categoryId":"0bcbdde05fbdd5880047b19c28b83660","cover":"http://statics.zhuishushenqi.com/agent/http%3A%2F%2Fimg.1391.com%2Fapi%2Fv1%2Fbookcenter%2Fcover%2F1%2F296483%2F_296483_490679.jpg%2F","majorCate":"青春言情","shortIntro":"人生中最大的幸福或许就是遇到一个愿意用爱来包容你成长的人.而对于温冉来说,这辈子做过的最勇敢的一件事,就是爱上这样一个人.童鞋们说的没错,某猫就是个大叔控,向《长腿叔叔》致敬【猫的专栏】:【猫的提示】:此文独家首发于晋江,未经授权不得随意转载.希望大家顾及某猫写文的心情和码字的不易^^       实体已交稿,静候上市!","title":"你若不曾来,叫我如何老","_openid":"oVOSB4prv2oVoxJgZid-GtO5iX64"}
{"_id":"0bcbdde05fbdd5890047b1a9635a8275","title":"鬼不语之仙墩鬼泣（精装）","_openid":"oVOSB4prv2oVoxJgZid-GtO5iX64","author":"天下霸唱","categoryId":"c89bd61c5fbdd588004a676662d28a74","cover":"http://statics.zhuishushenqi.com/agent/http%3A%2F%2Fimg.1391.com%2Fapi%2Fv1%2Fbookcenter%2Fcover%2F1%2F2060594%2F2060594_302b158b23f84f719668d373ffa56546.jpg%2F","majorCate":"出版小说","shortIntro":"《鬼不语之仙墩鬼泣（附赠盗墓解密卷宗）》是最新系列盗墓小说《鬼不语》中的第一本，以中国古代神秘的傩教文化为切口，引入一段曲折惊险的盗墓故事。主人公从先祖口耳相传下来的传说开始，闯东北，进中原，下西南，为了寻获传闻中的稀世奇珍和揭开神奇面具背后的秘密，经历了常人难以想象的艰险，古墓中会移动的壁画，黄河中如驳船的巨鱼，通天岭上神秘的血树，展现出一个光怪陆离的地下世界，颠覆关于盗墓的一切想象！"}
{"_id":"b1a52c595fbdd5890068dc2f2a31a0bd","majorCate":"青春校园","shortIntro":"他的手指从绿头签上抚过，每一块牌子，幽碧湛青的漆色，仿佛上好的一汪翡翠，用墨漆写了各宫所有的妃嫔名号，整整齐齐排列在朱红填漆大盘里。身旁的赤金九龙绕足烛台上，一枝烛突然爆了个烛花，噼叭一声火光轻跳，在这寂静的宫殿里，却让人听得格外清晰。 他猛然扬手就将盘子轰一声掀到了地上，绿头签牌啪啪落了满地，吓得李四保打个哆嗦，连连碰头却不敢作声。外头太监宫女见了这情形，早呼啦啦跪了一地。 她也连忙跪下去，人人都是大气也不敢出，殿中只是一片死寂。那只朱红填漆大盘，正巧落在她足边，于是悄悄拾了起来，慢慢伸手去捡那些签牌。却不想一只手斜剌里过来握住她手腕，那腕上覆着明黄团福暗纹袖，她只觉得身子一轻，不由自主站起来。目光低垂，只望着他腰际的明黄色佩带，金圆版嵌珊瑚，月白吩、金嵌松石套襁、珐琅鞘刀、燧、平金绣荷包……荷包流苏上坠着细小精巧的银铃……他却迫得她不得不抬起头来，他直直望着她，眼中似是无波无浪的平静，最深处却闪过转瞬即逝的光芒：你不过仗着朕喜欢你！","title":"寂寞空庭春欲晚","_openid":"oVOSB4prv2oVoxJgZid-GtO5iX64","author":"匪我思存","categoryId":"0bcbdde05fbdd5880047b19c28b83660","cover":"http://statics.zhuishushenqi.com/agent/http%3A%2F%2Fimg.1391.com%2Fapi%2Fv1%2Fbookcenter%2Fcover%2F1%2F96860%2F_96860_535220.jpg%2F"}
{"_id":"b1a52c595fbdd5890068dc307dfc123b","cover":"http://statics.zhuishushenqi.com/agent/http%3A%2F%2Fimg.1391.com%2Fapi%2Fv1%2Fbookcenter%2Fcover%2F1%2F895421%2F895421_36275b72baee4cd885dcaa6657456b82.jpg%2F","majorCate":"青春言情","shortIntro":"梁和这辈子有两件事出乎她的意料。第一，她会结婚。第二，她会嫁给这样一个男人。\r\n顾淮宁笑睥着她，眼神笃定：“其实我和梁小姐一样，都是无意结婚的人。可上天捉弄，我们都是必须结婚的人，所以我觉得，我们两个结婚，是对这个问题最好的解决方法。”\r\n一场跨越婚姻围墙的攻坚战。----------此书已上市，实体书名改为《此致，爱情》，地址：\r\n买完书的姑娘可以在微博@我晒书，会有明信片之类的小礼物相送（微博名：苏格兰折耳猫1026），多谢大家的支持~","title":"此致，爱情","_openid":"oVOSB4prv2oVoxJgZid-GtO5iX64","author":"苏格兰折耳猫","categoryId":"c89bd61c5fbdd588004a676662d28a74"}
{"_id":"b1a52c595fbdd58a0068dc3279943006","author":"莫默","categoryId":"0288fce75fbdd588004bc75567b4df5a","cover":"http://statics.zhuishushenqi.com/agent/http%3A%2F%2Fimg.1391.com%2Fapi%2Fv1%2Fbookcenter%2Fcover%2F1%2F2202114%2F2202114_3d9e713507204a7fb70939454f875036.jpg%2F","majorCate":"青春言情","shortIntro":"他用十年时间，拥四重身份——\r\n以编辑生涯聊出版界的兴衰与八卦\r\n以知名作家写故事里的传奇与精彩\r\n以影视编剧谈电影中的经典与光辉\r\n以他自己的人生向你讲诉盗不走孤独的那些旧时光\r\n \r\n他与你一样，\r\n同为这浩瀚星球上的一粒浮尘，渴望着有朝一日能光芒万丈。\r\n  \r\n莫默：\r\n给我一支手电筒，我可以照亮你的青春，\r\n你的左眼看到黑暗，右眼看到光明。","title":"时光盗不走孤独","_openid":"oVOSB4prv2oVoxJgZid-GtO5iX64"}
{"_id":"0288fce75fbdd58a004bc75e56cdf5d4","cover":"http://statics.zhuishushenqi.com/agent/http%3A%2F%2Fimg.1391.com%2Fapi%2Fv1%2Fbookcenter%2Fcover%2F1%2F2202141%2F2202141_88cb48f5c94549f98e92b208f31ed9c6.jpg%2F","majorCate":"青春言情","shortIntro":"夜城CP婚后甜蜜加持，却遭血契强势逆转。\r\n“你是大哥的爱人，却也是我心上人。”\r\n沈从高中状元，变身嫂控，击败白少棠，成为沈夜最强情敌。\r\n《夜郎自大》终结篇，凤楼众将推波助澜\r\n从凤楼楼主到阁老“嫡子”再到暗庭隐帝\r\n沈夜迎来他的终极身份，霸气称帝！","title":"夜郎自大2","_openid":"oVOSB4prv2oVoxJgZid-GtO5iX64","author":"熄歌","categoryId":"0288fce75fbdd588004bc75567b4df5a"}
{"_id":"e62469b25fbdd58a005b99bb46e61732","_openid":"oVOSB4prv2oVoxJgZid-GtO5iX64","author":"子夜初","categoryId":"0288fce75fbdd588004bc75567b4df5a","cover":"http://statics.zhuishushenqi.com/agent/http%3A%2F%2Fimg.1391.com%2Fapi%2Fv1%2Fbookcenter%2Fcover%2F1%2F2202107%2F2202107_11f26c5d24d04976842e61d437f0b04e.jpg%2F","majorCate":"青春言情","shortIntro":"她是来自地狱的天使，他是身在炼狱的使徒。\r\n她从一段因果中走来，与他在另一段因果中相遇……\r\n没有人知道故事怎样开始，但所有的故事都会有一个好结局。\r\n如果不够好，那一定还不是结局。","title":"如果下辈子我还记得你3"}
{"_id":"b1a52c595fbdd58a0068dc33550388b6","shortIntro":"梁羽生闲说<金瓶梅>》主要内容简介：作为明代“四大奇书”之一的《金瓶梅》，因有大量性描写的内容，书一问世，即备受争议。近代以降，人们逐漸正视它的价值，除《红楼梦》与它的继承关系外，鲁迅、*也都先后推崇《金瓶梅》对“世情”的“洞达”。一代“武侠大师”梁羽生更是在小说创作“封笔”后，转而以持续五百多天的专栏，对《金瓶梅》进行摘录评点。梁羽生晚年授意香港报人孙立川重新审校，都为此书，乃初次问世的梁氏遗著。书中糅合了现代文学评论著作与古代眉批回评的方式，旁征博引，剖析精当，勾勒出《金瓶梅》文本内外的大干世界，时时显现出梁羽生的过人史识与文学情怀。继鲁迅、*之后，梁羽生在世道人心上多有阐发，从《金瓶梅》导读的香艳外衣下，发出“闲说”人情物理的智慧声音。","title":"梁羽生闲说金瓶梅","_openid":"oVOSB4prv2oVoxJgZid-GtO5iX64","author":"梁羽生","categoryId":"0288fce75fbdd588004bc75567b4df5a","cover":"http://statics.zhuishushenqi.com/agent/http%3A%2F%2Fimg.1391.com%2Fapi%2Fv1%2Fbookcenter%2Fcover%2F1%2F2594731%2F2594731_029fd01ef5114ce09aabce0fa0fb2253.jpg%2F","majorCate":"出版小说"}
{"_id":"6127fe145fbdd58a005a98e813499a26","_openid":"oVOSB4prv2oVoxJgZid-GtO5iX64","author":"梁羽生","categoryId":"0288fce75fbdd588004bc75567b4df5a","cover":"http://statics.zhuishushenqi.com/agent/http%3A%2F%2Fimg.1391.com%2Fapi%2Fv1%2Fbookcenter%2Fcover%2F1%2F2594718%2F2594718_fb5bf9ba62d046089df1d06bdc735cf7.jpg%2F","majorCate":"出版小说","shortIntro":"羽生作品集火爆上市，历时一年对照香港、台湾地区等版本精心编校，查漏补缺，成就很很完整的版本，每部作品均由卢延光等岭南画派名家手绘插图，弥补内地无插图版梁羽生武侠小说出版之憾，极具观赏和收藏价值。","title":"风云雷电"}
{"_id":"0a4429175fbdd58a004fed5a5776b673","shortIntro":"承德年间，老皇帝病重，太子和三皇子争斗日趋激烈。十六位东宫暗卫在其统领容筝的带领下，护卫东宫，执行任务，经历误会迭起的爱恨纠葛，徘徊在生与死，忠义与爱情之间。最终江山平定，活在黑暗中的他们史册无名，只留下十四个故事，有虐有甜，皆是爱情的模样。","title":"暗卫","_openid":"oVOSB4prv2oVoxJgZid-GtO5iX64","author":"秦挽裳","categoryId":"0288fce75fbdd588004bc75567b4df5a","cover":"http://statics.zhuishushenqi.com/agent/http%3A%2F%2Fimg.1391.com%2Fapi%2Fv1%2Fbookcenter%2Fcover%2F1%2F2202080%2F2202080_9909d40fdfc641289430f3961176ee89.jpg%2F","majorCate":"青春言情"}
{"_id":"2a7b532a5fbdd58a00592416778a7435","shortIntro":"《梁羽生作品集：云海玉弓缘（20～22）是梁氏武侠天山系列两部小说之一（另一部是《白发魔女传》），故事发生在清朝中期。江湖浪子金世遗的传奇经历和与厉胜男、谷之华之间的爱恨情仇。","title":"云海玉弓缘","_openid":"oVOSB4prv2oVoxJgZid-GtO5iX64","author":"梁羽生","categoryId":"0288fce75fbdd588004bc75567b4df5a","cover":"http://statics.zhuishushenqi.com/agent/http%3A%2F%2Fimg.1391.com%2Fapi%2Fv1%2Fbookcenter%2Fcover%2F1%2F2594747%2F2594747_cf001007d2b34c6090f767ccab2e2b32.jpg%2F","majorCate":"出版小说"}
{"_id":"b1a52c595fbdd58a0068dc34770c3987","_openid":"oVOSB4prv2oVoxJgZid-GtO5iX64","author":"梁羽生","categoryId":"0288fce75fbdd588004bc75567b4df5a","cover":"http://statics.zhuishushenqi.com/agent/http%3A%2F%2Fimg.1391.com%2Fapi%2Fv1%2Fbookcenter%2Fcover%2F1%2F2594717%2F2594717_0658e2e6ccd9490da4ede0da11190f7e.jpg%2F","majorCate":"出版小说","shortIntro":"梁羽生的武侠小说，上接《儿 女英雄传》以来的侠义小说和民国旧武侠小说，开创新派武侠文学；下启金 庸、古龙的一片天地。他这样评价自己在武侠小说界的地位：开风气者，梁 羽生；发扬光大者，金庸。在上世纪六七十年代，他和金庸共同扛起了新派 武侠小说的大旗，“金梁并称，一时瑜亮”。梁金并世之时，曾主张“侠是 下层劳动人民的智慧与品德的化身”，将侠行建立在正义、尊严、爱民的基 础上，摒弃了旧派武侠小说一味复仇与嗜杀的倾向，金庸更将之提升为“为 国为民，侠之大者”。梁羽生小说以实在的文史知识和古代诗词见称。语言 文采飞扬，字里行间透出浓郁的书卷气，故事中常常将诗词歌赋、民歌俗语 点缀其间。他的小说技法以传统继承为主，多用章回小说的形式铺张故事，小说回目意境深远，对仗精巧，情节推展明显具有怡荡有致的韵律感。","title":"风雷震九洲"}
{"_id":"2a7b532a5fbdd58a005924175f9fa702","majorCate":"职场小说","shortIntro":"900万人口的农业大市东亭市，市委书记和市长因为腐败问题被“双规”，年已50岁的省委政策研究室主任王志飞临危受命，出任东亭市委书记兼代理市长。\r\n　　东亭是王志飞的发迹之地，这里有他第一次从政时的经验积累，也有他心仪的红颜知己，权力与金钱，美女与诱惑，每个政治人物必须面对的现实问题，考验着王志飞。\r\n　　这片土地是他挥洒政治智慧和超强耐心的舞台，面对各种势力，他头脑清醒，胸有成竹；出招精准，左右逢源。智慧超群的王志飞让我们看到了一个成熟官员的从政技巧，一个政治明星的不凡身手。\r\n　　本书传承作者一贯的风格：语言流畅，故事精巧，思想深刻，见解独到。是一部极其精彩的官场小说。","title":"市委书记","_openid":"oVOSB4prv2oVoxJgZid-GtO5iX64","author":"王巍","categoryId":"0288fce75fbdd588004bc75567b4df5a","cover":"http://statics.zhuishushenqi.com/agent/http%3A%2F%2Fimg.1391.com%2Fapi%2Fv1%2Fbookcenter%2Fcover%2F1%2F2197640%2F2197640_4b6b31a28f9d40df8453b2078e342bc4.jpg%2F"}
{"_id":"6127fe145fbdd58a005a98e905f472d6","title":"侠骨丹心","_openid":"oVOSB4prv2oVoxJgZid-GtO5iX64","author":"梁羽生","categoryId":"0288fce75fbdd588004bc75567b4df5a","cover":"http://statics.zhuishushenqi.com/agent/http%3A%2F%2Fimg.1391.com%2Fapi%2Fv1%2Fbookcenter%2Fcover%2F1%2F2594745%2F2594745_869e1d44083845449d0ba1e1b866b3df.jpg%2F","majorCate":"出版小说","shortIntro":"羽生编著的'侠骨丹心'内容介绍：谈武侠小说 不能不谈梁羽生 不能忽略他在平淡中飘溢出来的独特韵味。就新派武侠小说而言 古龙是小字辈 金庸是后行一步的人 梁羽生则是时间上的“大哥大”。正是由于他无意闯入武林 才造成了本世纪很壮观的文化景致――武侠热。梁羽生文学功底很深 言辞优美 描写生动 文中大量运用诗词 独树一帜。"}
{"_id":"0288fce75fbdd58a004bc75f5add46e2","_openid":"oVOSB4prv2oVoxJgZid-GtO5iX64","author":"梁羽生","categoryId":"0288fce75fbdd588004bc75567b4df5a","cover":"http://statics.zhuishushenqi.com/agent/http%3A%2F%2Fimg.1391.com%2Fapi%2Fv1%2Fbookcenter%2Fcover%2F1%2F2594720%2F2594720_95992801e80448cfb7ff45e49e39461d.jpg%2F","majorCate":"出版小说","shortIntro":"谈武侠小说，不能不谈梁羽生。你可以不喜欢他的小说，以为他的作品不如金庸的深刻感人，不如古龙的激动人心，但你不能忽略他的存在，不能无视他在平淡中飘溢出来的独特韵味。 实际上，就新派武侠小说而言，古龙是小字辈，金庸是后行一步的人，梁羽生则是时间上的“大哥大”。正是由于他的无意闯入武林，才引出了他自己、金庸等一大班人的武侠创作，造成了本世纪壮观的文化景致——武侠热。","title":"还剑奇情录"}
{"_id":"6127fe145fbdd58a005a98ea180d6186","shortIntro":"艾周在大学里遇到了少年时代的朋友方至。这个从前常被人欺负的少年，蜕变得冷硬而强势。他惟一没变的，就是对死飞这项极限运动的热爱。方至曾经说过，他是一头古怪而孤独的鲸，既不属于陆地，也不属海洋。然而就算他拥有整座海洋，也只是拥有了更大的孤独与寂寞。艾周在不知不觉中爱上了他，却又苦于朋友对方至的排斥，不敢承认。\r\n学长汪鹿是小鹿一样善良温和的男生，品性优秀，家庭优渥。艾周从不敢相信自己可以得到他的爱。但是汪鹿却对她关怀备至，介绍她进入时尚买手这一行。这让艾周在他与方至之间，难以选择。\r\n随着时间的推移，艾周身边发生了许多怪事。许多朋友的生活都发生了不可想象的变化。艾周隐隐觉得，这些事都与某人有着千丝万缕的联系。\r\n方至说，知道吗？人常常会忘掉一些自己做过的，不太重要的错事。但是，总会有人用一生的疼痛，帮他们记住。","title":"逆光飞行的鲸","_openid":"oVOSB4prv2oVoxJgZid-GtO5iX64","author":"岑桑","categoryId":"0288fce75fbdd588004bc75567b4df5a","cover":"http://statics.zhuishushenqi.com/agent/http%3A%2F%2Fimg.1391.com%2Fapi%2Fv1%2Fbookcenter%2Fcover%2F1%2F2202104%2F2202104_c80dc12443024e839c648e665a10c55c.jpg%2F","majorCate":"出版小说"}
{"_id":"b1a52c595fbdd58a0068dc354d1d1189","title":"牧野流星","_openid":"oVOSB4prv2oVoxJgZid-GtO5iX64","author":"梁羽生","categoryId":"0288fce75fbdd588004bc75567b4df5a","cover":"http://statics.zhuishushenqi.com/agent/http%3A%2F%2Fimg.1391.com%2Fapi%2Fv1%2Fbookcenter%2Fcover%2F1%2F2594737%2F2594737_85cbba2d338d47ab8605fef9f5f15ab1.jpg%2F","majorCate":"出版小说","shortIntro":"《牧野流星》是梁羽生所著武侠小说作品。本小 说以云紫萝与孟元超之私生子杨华的一生经历作为主 题，以他的师父丹丘生的冤案作为旁支，从多元角度 描绘出人性善恶、武林风貌，*终丹丘生的冤案得到 平反，杨华替代师父与清廷**高手决战…… 《牧野流星》小说内容通俗易懂，适合男女老少 阅读。"}
{"_id":"0a4429175fbdd58a004fed5b0afab6eb","categoryId":"0288fce75fbdd588004bc75567b4df5a","cover":"http://statics.zhuishushenqi.com/agent/http%3A%2F%2Fimg.1391.com%2Fapi%2Fv1%2Fbookcenter%2Fcover%2F1%2F2594740%2F2594740_6d27e7b0b80741d2bd5cddcecd64a34c.jpg%2F","majorCate":"出版小说","shortIntro":"七剑侠下山会合民间庞大组织的正义力量“天地会”，四处和清兵对抗。一次因行踪败露，七剑被迫分道扬镳，各自执行任务，并相约一年后中秋在钱塘江畔七剑重叙。\n　　七剑之一杨云骢在大漠巧遇草原女英雄飞红巾，二人并肩抗击清兵，暗生情愫。但杨云骢在一次激战受伤，为敌方将军之女纳兰明慧所救。明慧的温雅多情，使杨另投爱河。心高气傲的飞红巾因妒成恨，和杨云骢关系分裂。其间，七剑中的楚昭南因利变节，挟持人质叛投敌营。杨潜入清营营救人质，也会见了明慧，明慧正因亲王多铎来说亲，父命难违，两个相爱的人是注定不能在一起了，含泪惜别，缱绻缠绵。\n　　数月后，杨云骢正进行任务中，获知纳兰明慧与多铎在江南杭州大婚。大婚前夕，杨云骢潜入将军府，期望明慧和他出走，但明慧不能负累家族，杨一气之下由她手中抢走女儿，赶赴钱塘江畔之约。中秋月圆，江潮澎湃，但七剑各遭不幸，前来赴约的仅有小师弟穆郎一人。而穆郎亦被“天地会”女舵主刘郁芳误会叛敌，含冤莫白，正要投江自尽，却目睹杨云骢遭多铎追杀，杨临终时将女儿托付给穆郎带上天山学艺。天山七剑从此在江湖上隐没……\n　　附：塞外奇侠传\n　　清顺治年间，大侠杨云骢在北疆率领哈萨克民众抗清，成为草原英雄。然在沙漠中却遭到师弟的叛卖，被伊犁总兵之女纳兰明慧所救。\n　　回疆女英雄飞红巾因爱人出卖而致使其父回疆唐努老英雄阵亡。飞红巾将押不卢擒住后要交由族人处置，一路上被清廷高手的截劫，幸得杨云骢出手相助。飞红巾对杨云骢感激之余，情愫暗生。\n　　杨云骢在草原上继续帮助飞红巾族人抗击清军，此间却与纳兰明慧几度相逢，并于危难中几经援手，双方都爱上了对方。明慧对他倾心相爱并以身相许，但终于不能成婚，而要被迫嫁给多铎。杨云骢赶往杭州，但已无法改变残酷的命运……","title":"七剑下天山","_openid":"oVOSB4prv2oVoxJgZid-GtO5iX64","author":"梁羽生"}
{"_id":"c89bd61c5fbdd58a004a67707471c704","_openid":"oVOSB4prv2oVoxJgZid-GtO5iX64","author":"梁羽生","categoryId":"0288fce75fbdd588004bc75567b4df5a","cover":"http://statics.zhuishushenqi.com/agent/http%3A%2F%2Fimg.1391.com%2Fapi%2Fv1%2Fbookcenter%2Fcover%2F1%2F2594711%2F2594711_bc7956f3b118453b85b25ad1a4ff5f24.jpg%2F","majorCate":"出版小说","shortIntro":"梁羽生文学功底很深 言辞优美 描写生动 文中大量运用诗词 独树一帜。只是在情节上的描写稍逊与金庸与古龙 但其作品仍很值得一读 不愧为三大宗师之一。这本'梁羽生作品集-朗声名家插画版：冰河洗剑录-25-27-套装全3册'是他的代表作之一。\n'梁羽生作品集-朗声名家插画版：冰河洗剑录-25-27-套装全3册'皇家遗珠谷中莲香 波兴江南海天有情 侠士仗剑域外扬威 峰回路转武侠长卷。","title":"冰河洗剑录"}
{"_id":"6127fe145fbdd58a005a98eb111c7a59","title":"金沙古卷（套装全4册）","_openid":"oVOSB4prv2oVoxJgZid-GtO5iX64","author":"鱼离泉","categoryId":"0288fce75fbdd588004bc75567b4df5a","cover":"http://statics.zhuishushenqi.com/agent/http%3A%2F%2Fimg.1391.com%2Fapi%2Fv1%2Fbookcenter%2Fcover%2F1%2F2219023%2F2219023_1c2c392a19124d3199bc466008b1f901.jpg%2F","majorCate":"出版小说","shortIntro":"公元前316 年，秦灭古蜀。对此之前的古蜀文明，史书简单记载为：不晓文字，未有礼乐。这八个字，掩盖了一切真相。\r\n公元1929年春，四川广汉月亮湾，三星堆文明首次露出真容。\r\n公元2001年1月，四川深山里一座普通村子，数十万虫子莫名齐聚，想要吞噬一个12 岁的少年——杜小康。\r\n公元2001年2月，某建筑公司意外挖掘出一座规模宏大的古代文化遗址——金沙遗址。\r\n十几年后……\r\n侥幸从虫群中脱险的杜小康，长大后被卷入一场诡异的凶杀事件，\r\n在经历青铜之门、巴蛇神、噬魂灯等神秘事件后，杜小康和同伴们逐渐解开金沙古卷的秘密，但答案竟然指向人类文明的最大谜团......  \r\n    随着金沙古卷残页的出现，究竟将揭开一个怎样的中国古文明中的惊天真相？"}
{"_id":"c89bd61c5fbdd58a004a67714ac6770d","majorCate":"职场小说","shortIntro":"升迁之路，九曲十八弯，每个弯都暗藏玄机。《一号人物》是唐达天“领导”三部曲的第一部，是作家唐达天的另一种小说写法，也是一种新的尝试。谁是一号人物？他们如何掌控全局？他们怎么样驾驭形势？官场小说名家唐达天转型力作，集官场、悬疑、侦破为一体，将官场小说创作推向了又一个高峰。我们从中感受到的不仅仅是当下生活的现实翻版，更是一个巨大的社会隐喻。潜心琢磨，此书完全可以解读你的仕途密码！","title":"一号人物(精)","_openid":"oVOSB4prv2oVoxJgZid-GtO5iX64","author":"唐达天","categoryId":"0288fce75fbdd588004bc75567b4df5a","cover":"http://statics.zhuishushenqi.com/agent/http%3A%2F%2Fimg.1391.com%2Fapi%2Fv1%2Fbookcenter%2Fcover%2F1%2F2197692%2F2197692_59fc44202012477a968880857d631ed8.jpg%2F"}
{"_id":"0a4429175fbdd58a004fed5c252dd1cc","cover":"http://statics.zhuishushenqi.com/agent/http%3A%2F%2Fimg.1391.com%2Fapi%2Fv1%2Fbookcenter%2Fcover%2F1%2F2202102%2F2202102_d465169baaae4ecab4c6ec49fe93c546.jpg%2F","majorCate":"青春言情","shortIntro":"从没有哪个校园男神追女生追得像乐川这么辛苦——\r\n\r\n第一次见面，王灵均诊断他为“肾阴虚”；\r\n要无所畏惧，再见面就得陪她去解剖室守大体，还得靠看惊悚片壮胆；\r\n要心胸宽广，既能听她追忆暗恋往事，也能冒雨送她去见暗恋对象；\r\n要别出心裁，表白都用密码文字，为找“天注定”的相爱证据跋山涉水；\r\n……\r\n好不容易追到手了，居然差点被王灵均亲手毁容！","title":"你是光阴派的糖","_openid":"oVOSB4prv2oVoxJgZid-GtO5iX64","author":"爱喝水","categoryId":"0288fce75fbdd588004bc75567b4df5a"}
