{"_id":"6127fe145fbdd588005a98de1922773e","_openid":"oVOSB4prv2oVoxJgZid-GtO5iX64","categoryName":"热搜榜"}
{"_id":"c89bd61c5fbdd588004a676662d28a74","_openid":"oVOSB4prv2oVoxJgZid-GtO5iX64","categoryName":"畅销榜"}
{"_id":"b1a52c595fbdd5880068dc1b2879fe31","_openid":"oVOSB4prv2oVoxJgZid-GtO5iX64","categoryName":"新书榜"}
{"_id":"0bcbdde05fbdd5880047b19c28b83660","_openid":"oVOSB4prv2oVoxJgZid-GtO5iX64","categoryName":"收藏榜"}
{"_id":"0288fce75fbdd588004bc75567b4df5a","_openid":"oVOSB4prv2oVoxJgZid-GtO5iX64","categoryName":"VIP榜"}
